【合租】余杭周边 金都梧桐苑 4室次卧,金都梧桐苑,http://hz.58.com/pinpaigongyu/30712110350015x.shtml?psid=198151092196745278081818004,1400
【合租】西兴 龙湖春江彼岸 4室次卧,龙湖春江彼岸,http://hz.58.com/pinpaigongyu/30712066935624x.shtml?psid=198151092196745278081818004,1500
【整租】老余杭 未来城冠寓融通店 1室0厅,未来城冠寓融通店,http://hz.58.com/pinpaigongyu/30799969699523x.shtml?psid=198151092196745278081818004,1500
【合租】转塘 回龙雅苑 4室次卧,回龙雅苑,http://hz.58.com/pinpaigongyu/30398627844789x.shtml?psid=198151092196745278081818004,1300
【合租】留下 山缘老人公寓 3室次卧,山缘老人公寓,http://hz.58.com/pinpaigongyu/30755672964537x.shtml?psid=198151092196745278081818004,1300
【合租】留下 山缘老人公寓 3室次卧,山缘老人公寓,http://hz.58.com/pinpaigongyu/30755647377611x.shtml?psid=198151092196745278081818004,1400
【合租】五常 西溪花城 4室主卧,西溪花城,http://hz.58.com/pinpaigongyu/30712133538729x.shtml?psid=198151092196745278081818004,1400
【合租】老余杭 仓溢绿苑 4室次卧,仓溢绿苑,http://hz.58.com/pinpaigongyu/30799052728492x.shtml?psid=198151092196745278081818004,1100
【整租】米果 五常 五常部落,五常,http://hz.58.com/pinpaigongyu/30290920277819x.shtml?psid=198151092196745278081818004,1480-3000
【合租】闲林 翡翠城东北区 4室主卧,翡翠城东北区,http://hz.58.com/pinpaigongyu/30765946322865x.shtml?psid=198151092196745278081818004,1355
【合租】星桥 仓溢东苑 4室次卧,仓溢东苑,http://hz.58.com/pinpaigongyu/30657633381574x.shtml?psid=198151092196745278081818004,1000
【合租】老余杭 仓溢绿苑 4室次卧,仓溢绿苑,http://hz.58.com/pinpaigongyu/30354998344909x.shtml?psid=198151092196745278081818004,1300
【整租】米果 五常 五常部落,五常,http://hz.58.com/pinpaigongyu/30290921691207x.shtml?psid=198151092196745278081818004,1480-3000
【合租】老余杭 仓溢绿苑 3室主卧,仓溢绿苑,http://hz.58.com/pinpaigongyu/30510782209717x.shtml?psid=198151092196745278081818004,1200
【合租】未来科技城 仓溢东苑 4室次卧,仓溢东苑,http://hz.58.com/pinpaigongyu/30832757269581x.shtml?psid=198151092196745278081818004,1150
【合租】老余杭 仓溢绿苑 4室次卧,仓溢绿苑,http://hz.58.com/pinpaigongyu/30732412697918x.shtml?psid=198151092196745278081818004,1100
【合租】钱江世纪城 丰东花苑 4室次卧,丰东花苑,http://hz.58.com/pinpaigongyu/30785897372086x.shtml?psid=198151092196745278081818004,1250
【合租】桥西 九龙仓碧玺 4室次卧,九龙仓碧玺,http://hz.58.com/pinpaigongyu/30634473974095x.shtml?psid=198151092196745278081818004,1500
【合租】老余杭 仓溢绿苑 4室主卧,仓溢绿苑,http://hz.58.com/pinpaigongyu/30498297954749x.shtml?psid=198151092196745278081818004,1500
【合租】下沙沿江 保利东湾(东区) 3室次卧,保利东湾(东区),http://hz.58.com/pinpaigongyu/30746881227819x.shtml?psid=198151092196745278081818004,1248
【合租】星桥 仓溢东苑 4室主卧,仓溢东苑,http://hz.58.com/pinpaigongyu/30633466844221x.shtml?psid=150420029196745278129805357,1150
【整租】米果 五常 五常部落,五常,http://hz.58.com/pinpaigongyu/30290920277819x.shtml?psid=150420029196745278129805357,1480-3000
【合租】余杭周边 木兰苑 4室次卧,木兰苑,http://hz.58.com/pinpaigongyu/30465040994870x.shtml?psid=150420029196745278129805357,1200
【合租】万达广场 融科瑷颐湾 4室次卧,融科瑷颐湾,http://hz.58.com/pinpaigongyu/30832459566416x.shtml?psid=150420029196745278129805357,1500
【合租】星桥 仓溢东苑 4室次卧,仓溢东苑,http://hz.58.com/pinpaigongyu/30366455491641x.shtml?psid=150420029196745278129805357,1000
【整租】米果 五常 五常部落,五常,http://hz.58.com/pinpaigongyu/30290921691207x.shtml?psid=150420029196745278129805357,1480-3000
【合租】勾庄 奥克斯缔壹城 4室次卧,奥克斯缔壹城,http://hz.58.com/pinpaigongyu/30645347335752x.shtml?psid=150420029196745278129805357,1450
【合租】老余杭 仓溢绿苑 4室次卧,仓溢绿苑,http://hz.58.com/pinpaigongyu/30642358884415x.shtml?psid=150420029196745278129805357,1300
【合租】老余杭 西溪北苑 3室主卧,西溪北苑,http://hz.58.com/pinpaigongyu/30775064629834x.shtml?psid=150420029196745278129805357,1450
【合租】北干 丰东花苑 4室主卧,丰东花苑,http://hz.58.com/pinpaigongyu/30378000354241x.shtml?psid=150420029196745278129805357,1300
【合租】老余杭 仓溢绿苑 3室次卧,仓溢绿苑,http://hz.58.com/pinpaigongyu/30399277345341x.shtml?psid=150420029196745278129805357,1300
【合租】老余杭 仓溢绿苑 3室主卧,仓溢绿苑,http://hz.58.com/pinpaigongyu/30655986318011x.shtml?psid=150420029196745278129805357,1200
【合租】未来科技城 EFC欧美金融城 4室次卧,EFC欧美金融城,http://hz.58.com/pinpaigongyu/30446124803901x.shtml?psid=150420029196745278129805357,1000
【合租】老余杭 仓溢绿苑 4室次卧,仓溢绿苑,http://hz.58.com/pinpaigongyu/30420927612863x.shtml?psid=150420029196745278129805357,1000
【合租】下沙 野风海天城 3室主卧,野风海天城,http://hz.58.com/pinpaigongyu/30809859239734x.shtml?psid=150420029196745278129805357,1230
【合租】老余杭 仓溢绿苑 4室次卧,仓溢绿苑,http://hz.58.com/pinpaigongyu/30466114004138x.shtml?psid=150420029196745278129805357,1000
【合租】老余杭 仓溢绿苑 4室主卧,仓溢绿苑,http://hz.58.com/pinpaigongyu/30487609738685x.shtml?psid=150420029196745278129805357,1500
【合租】未来科技城 西溪北苑北区 3室次卧,西溪北苑北区,http://hz.58.com/pinpaigongyu/30799094598985x.shtml?psid=150420029196745278129805357,1480
【合租】老余杭 西溪北苑 1室主卧,西溪北苑,http://hz.58.com/pinpaigongyu/30718459730510x.shtml?psid=150420029196745278129805357,1500
【合租】闲林 翡翠城东北区 4室次卧,翡翠城东北区,http://hz.58.com/pinpaigongyu/30756049916495x.shtml?psid=150420029196745278129805357,1355
【合租】蜀山 开元广场(公寓) 4室次卧,开元广场(公寓),http://hz.58.com/pinpaigongyu/30833439334844x.shtml?psid=137055455196745278164983574,1300
【整租】米果 五常 五常部落,五常,http://hz.58.com/pinpaigongyu/30290920277819x.shtml?psid=137055455196745278164983574,1480-3000
【合租】下沙 御观邸 5室次卧,御观邸,http://hz.58.com/pinpaigongyu/30638599836880x.shtml?psid=137055455196745278164983574,1450
【合租】老余杭 仓溢绿苑 4室次卧,仓溢绿苑,http://hz.58.com/pinpaigongyu/30467747552825x.shtml?psid=137055455196745278164983574,1100
【合租】北干 丰东花苑 4室主卧,丰东花苑,http://hz.58.com/pinpaigongyu/30414122278992x.shtml?psid=137055455196745278164983574,1250
【整租】米果 五常 五常部落,五常,http://hz.58.com/pinpaigongyu/30290921691207x.shtml?psid=137055455196745278164983574,1480-3000
【合租】下沙 御观邸 5室次卧,御观邸,http://hz.58.com/pinpaigongyu/30837661738419x.shtml?psid=137055455196745278164983574,1200
【合租】下沙江湾 金沙居 3室主卧,金沙居,http://hz.58.com/pinpaigongyu/30846105033784x.shtml?psid=137055455196745278164983574,1500
【合租】申花 融信蓝孔雀 3室主卧,融信蓝孔雀,http://hz.58.com/pinpaigongyu/30732522878911x.shtml?psid=137055455196745278164983574,1390
【合租】老余杭 仓溢绿苑 3室主卧,仓溢绿苑,http://hz.58.com/pinpaigongyu/30732349618100x.shtml?psid=137055455196745278164983574,1200
【合租】老余杭 仓溢绿苑 5室主卧,仓溢绿苑,http://hz.58.com/pinpaigongyu/30811026010921x.shtml?psid=137055455196745278164983574,1100
【合租】未来科技城 仓溢东苑 1室主卧,仓溢东苑,http://hz.58.com/pinpaigongyu/30334291016257x.shtml?psid=137055455196745278164983574,1250
【合租】申花 景瑞申花壹号院 3室次卧,景瑞申花壹号院,http://hz.58.com/pinpaigongyu/30809897130829x.shtml?psid=137055455196745278164983574,1032
【合租】申花 首开国风美域 3室次卧,首开国风美域,http://hz.58.com/pinpaigongyu/30745957142094x.shtml?psid=137055455196745278164983574,1400
【合租】申花 融信蓝孔雀 2室主卧,融信蓝孔雀,http://hz.58.com/pinpaigongyu/30732316018866x.shtml?psid=137055455196745278164983574,1290
【合租】火车东站 明月嘉苑二区 3室主卧,明月嘉苑二区,http://hz.58.com/pinpaigongyu/30846309792327x.shtml?psid=137055455196745278164983574,1380
【合租】老余杭 仓溢绿苑 4室次卧,仓溢绿苑,http://hz.58.com/pinpaigongyu/30368718152377x.shtml?psid=137055455196745278164983574,1200
【合租】老余杭 仓溢绿苑 4室主卧,仓溢绿苑,http://hz.58.com/pinpaigongyu/30521296160044x.shtml?psid=137055455196745278164983574,1500
【合租】老余杭 仓溢绿苑 4室次卧,仓溢绿苑,http://hz.58.com/pinpaigongyu/30542657583943x.shtml?psid=137055455196745278164983574,1300
【合租】祥符 融信学院府 2室主卧,融信学院府,http://hz.58.com/pinpaigongyu/30734007905969x.shtml?psid=137055455196745278164983574,1490
【合租】申花 融信蓝孔雀 3室次卧,融信蓝孔雀,http://hz.58.com/pinpaigongyu/30746302621746x.shtml?psid=199253434196745278224126132,1240
【整租】米果 五常 五常部落,五常,http://hz.58.com/pinpaigongyu/30290920277819x.shtml?psid=199253434196745278224126132,1480-3000
【合租】申花 融信蓝孔雀 2室主卧,融信蓝孔雀,http://hz.58.com/pinpaigongyu/30732472515122x.shtml?psid=199253434196745278224126132,1460
【合租】老余杭 仓溢绿苑 4室次卧,仓溢绿苑,http://hz.58.com/pinpaigongyu/30413028128058x.shtml?psid=199253434196745278224126132,1000
【合租】余杭周边 华元蒙卡岸 4室次卧,华元蒙卡岸,http://hz.58.com/pinpaigongyu/30457264129330x.shtml?psid=199253434196745278224126132,1180
【整租】米果 五常 五常部落,五常,http://hz.58.com/pinpaigongyu/30290921691207x.shtml?psid=199253434196745278224126132,1480-3000
【合租】老余杭 仓溢绿苑 4室次卧,仓溢绿苑,http://hz.58.com/pinpaigongyu/30431987474241x.shtml?psid=199253434196745278224126132,1200
【合租】未来科技城 西溪北苑北区 3室次卧,西溪北苑北区,http://hz.58.com/pinpaigongyu/30742964625724x.shtml?psid=199253434196745278224126132,1458
【合租】勾庄 奥克斯缔壹城 4室次卧,奥克斯缔壹城,http://hz.58.com/pinpaigongyu/30689111661640x.shtml?psid=199253434196745278224126132,1400
【合租】勾庄 奥克斯缔壹城 4室次卧,奥克斯缔壹城,http://hz.58.com/pinpaigongyu/30799096545867x.shtml?psid=199253434196745278224126132,1000
【合租】老余杭 仓溢绿苑 4室次卧,仓溢绿苑,http://hz.58.com/pinpaigongyu/30498412392899x.shtml?psid=199253434196745278224126132,1200
【合租】老余杭 仓溢绿苑 4室次卧,仓溢绿苑,http://hz.58.com/pinpaigongyu/30443177267408x.shtml?psid=199253434196745278224126132,1300
【合租】申花 景瑞申花壹号院 3室主卧,景瑞申花壹号院,http://hz.58.com/pinpaigongyu/30753121646385x.shtml?psid=199253434196745278224126132,1240
【合租】老余杭 仓溢绿苑 4室次卧,仓溢绿苑,http://hz.58.com/pinpaigongyu/30579803594958x.shtml?psid=199253434196745278224126132,1500
【合租】老余杭 仓溢绿苑 4室次卧,仓溢绿苑,http://hz.58.com/pinpaigongyu/30421526635305x.shtml?psid=199253434196745278224126132,1100
【合租】老余杭 仓溢绿苑 4室主卧,仓溢绿苑,http://hz.58.com/pinpaigongyu/30421261662388x.shtml?psid=199253434196745278224126132,1500
【合租】勾庄 融科瑷颐湾 4室次卧,融科瑷颐湾,http://hz.58.com/pinpaigongyu/30821655178154x.shtml?psid=199253434196745278224126132,1250
【合租】西兴 迎春南苑 3室次卧,迎春南苑,http://hz.58.com/pinpaigongyu/30745312865332x.shtml?psid=199253434196745278224126132,1384
【合租】老余杭 仓溢绿苑 4室主卧,仓溢绿苑,http://hz.58.com/pinpaigongyu/30421201882027x.shtml?psid=199253434196745278224126132,1500
【合租】火车东站 紫玉福邸 3室主卧,紫玉福邸,http://hz.58.com/pinpaigongyu/30846314970430x.shtml?psid=199253434196745278224126132,1380
【合租】老余杭 仓溢绿苑 3室主卧,仓溢绿苑,http://hz.58.com/pinpaigongyu/30599428813641x.shtml?psid=119807994196745278285935227,1200
【整租】米果 五常 五常部落,五常,http://hz.58.com/pinpaigongyu/30290920277819x.shtml?psid=119807994196745278285935227,1480-3000
【合租】下沙物美 香榭里花园 3室主卧,香榭里花园,http://hz.58.com/pinpaigongyu/30846144645583x.shtml?psid=119807994196745278285935227,1500
【合租】星桥 仓溢东苑 4室主卧,仓溢东苑,http://hz.58.com/pinpaigongyu/30446087245368x.shtml?psid=119807994196745278285935227,1300
【合租】老余杭 仓溢绿苑 4室次卧,仓溢绿苑,http://hz.58.com/pinpaigongyu/30366461974091x.shtml?psid=119807994196745278285935227,1000
【整租】米果 五常 五常部落,五常,http://hz.58.com/pinpaigongyu/30290921691207x.shtml?psid=119807994196745278285935227,1480-3000
【合租】老余杭 仓溢绿苑 4室次卧,仓溢绿苑,http://hz.58.com/pinpaigongyu/30644126502606x.shtml?psid=119807994196745278285935227,1300
【合租】星桥 仓溢东苑 4室次卧,仓溢东苑,http://hz.58.com/pinpaigongyu/30366433882033x.shtml?psid=119807994196745278285935227,1250
【合租】申花 景瑞申花壹号院 3室主卧,景瑞申花壹号院,http://hz.58.com/pinpaigongyu/30753132244547x.shtml?psid=119807994196745278285935227,1460
【合租】老余杭 仓溢绿苑 3室次卧,仓溢绿苑,http://hz.58.com/pinpaigongyu/30631374703303x.shtml?psid=119807994196745278285935227,1200
【合租】申花 景瑞申花壹号院 3室次卧,景瑞申花壹号院,http://hz.58.com/pinpaigongyu/30809910822212x.shtml?psid=119807994196745278285935227,1168
【合租】钱江世纪城 滨江金色江南 4室次卧,滨江金色江南,http://hz.58.com/pinpaigongyu/30633948409141x.shtml?psid=119807994196745278285935227,1200
【合租】申花 景瑞申花壹号院 3室次卧,景瑞申花壹号院,http://hz.58.com/pinpaigongyu/30745700509644x.shtml?psid=119807994196745278285935227,1168
【合租】祥符 华盛达阅城 4室次卧,华盛达阅城,http://hz.58.com/pinpaigongyu/30844660557511x.shtml?psid=119807994196745278285935227,1500
【合租】老余杭 仓溢绿苑 4室次卧,仓溢绿苑,http://hz.58.com/pinpaigongyu/30377065776078x.shtml?psid=119807994196745278285935227,1000
【合租】老余杭 仓溢绿苑 4室次卧,仓溢绿苑,http://hz.58.com/pinpaigongyu/30579829585842x.shtml?psid=119807994196745278285935227,1200
【合租】火车东站 建华家苑 3室主卧,建华家苑,http://hz.58.com/pinpaigongyu/30846327844428x.shtml?psid=119807994196745278285935227,1380
【合租】老余杭 青枫墅园 3室次卧,青枫墅园,http://hz.58.com/pinpaigongyu/30373174345805x.shtml?psid=119807994196745278285935227,1400
【合租】老余杭 仓溢绿苑 4室次卧,仓溢绿苑,http://hz.58.com/pinpaigongyu/30656005812917x.shtml?psid=119807994196745278285935227,1000
【合租】星桥 仓溢东苑 4室主卧,仓溢东苑,http://hz.58.com/pinpaigongyu/30668200512319x.shtml?psid=119807994196745278285935227,1150
【合租】星桥 仓溢东苑 4室次卧,仓溢东苑,http://hz.58.com/pinpaigongyu/30366446095696x.shtml?psid=167444795196745278344235161,1000
【整租】米果 五常 五常部落,五常,http://hz.58.com/pinpaigongyu/30290920277819x.shtml?psid=167444795196745278344235161,1480-3000
【合租】老余杭 仓溢绿苑 4室主卧,仓溢绿苑,http://hz.58.com/pinpaigongyu/30421305321659x.shtml?psid=167444795196745278344235161,1300
【合租】下沙物美 文汇苑 3室主卧,文汇苑,http://hz.58.com/pinpaigongyu/30846115181749x.shtml?psid=167444795196745278344235161,1500
【合租】五常 绿城翡翠湾 5室次卧,绿城翡翠湾,http://hz.58.com/pinpaigongyu/30653387545674x.shtml?psid=167444795196745278344235161,1400
【整租】米果 五常 五常部落,五常,http://hz.58.com/pinpaigongyu/30290921691207x.shtml?psid=167444795196745278344235161,1480-3000
【合租】萧山周边 风情雅苑 4室主卧,风情雅苑,http://hz.58.com/pinpaigongyu/30354666159552x.shtml?psid=167444795196745278344235161,1500
【合租】西兴 龙湖春江郦城 3室主卧,龙湖春江郦城,http://hz.58.com/pinpaigongyu/30731606785474x.shtml?psid=167444795196745278344235161,1296
【合租】未来科技城 EFC欧美金融城 4室次卧,EFC欧美金融城,http://hz.58.com/pinpaigongyu/30457209353931x.shtml?psid=167444795196745278344235161,1350
【合租】老余杭 仓溢绿苑 4室次卧,仓溢绿苑,http://hz.58.com/pinpaigongyu/30711375701171x.shtml?psid=167444795196745278344235161,1300
【合租】老余杭 仓溢绿苑 4室次卧,仓溢绿苑,http://hz.58.com/pinpaigongyu/30580239849675x.shtml?psid=167444795196745278344235161,1300
【合租】火车东站 恒祺克拉公馆(公 3室主卧,恒祺克拉公馆(公,http://hz.58.com/pinpaigongyu/30846301455273x.shtml?psid=167444795196745278344235161,1380
【合租】老余杭 仓溢绿苑 4室次卧,仓溢绿苑,http://hz.58.com/pinpaigongyu/30389431912764x.shtml?psid=167444795196745278344235161,1300
【合租】申花 融信蓝孔雀 2室主卧,融信蓝孔雀,http://hz.58.com/pinpaigongyu/30732502120755x.shtml?psid=167444795196745278344235161,1390
【合租】未来科技城 西溪北苑西区 1室次卧,西溪北苑西区,http://hz.58.com/pinpaigongyu/30696566869425x.shtml?psid=167444795196745278344235161,1499
【合租】老余杭 仓溢绿苑 4室主卧,仓溢绿苑,http://hz.58.com/pinpaigongyu/30389575083966x.shtml?psid=167444795196745278344235161,1500
【合租】老余杭 仓溢绿苑 4室次卧,仓溢绿苑,http://hz.58.com/pinpaigongyu/30580188130745x.shtml?psid=167444795196745278344235161,1000
【合租】下沙 野风海天城 3室次卧,野风海天城,http://hz.58.com/pinpaigongyu/30746843758277x.shtml?psid=167444795196745278344235161,1248
【合租】下沙 保利玫瑰湾 3室次卧,保利玫瑰湾,http://hz.58.com/pinpaigongyu/30746904754895x.shtml?psid=167444795196745278344235161,1176
【合租】钱江世纪城 滨江金色江南 4室次卧,滨江金色江南,http://hz.58.com/pinpaigongyu/30801769435958x.shtml?psid=167444795196745278344235161,1200
【合租】老余杭 仓溢绿苑 4室次卧,仓溢绿苑,http://hz.58.com/pinpaigongyu/30732013071033x.shtml?psid=119026596196745278414416067,1000
【整租】米果 五常 五常部落,五常,http://hz.58.com/pinpaigongyu/30290920277819x.shtml?psid=119026596196745278414416067,1480-3000
【整租】未来科技城 EFC欧美金融城 4室1厅,EFC欧美金融城,http://hz.58.com/pinpaigongyu/30377948429766x.shtml?psid=119026596196745278414416067,1300
【合租】勾庄 融科瑷颐湾 4室次卧,融科瑷颐湾,http://hz.58.com/pinpaigongyu/30787723608769x.shtml?psid=119026596196745278414416067,1450
【合租】勾庄 奥克斯缔壹城 4室次卧,奥克斯缔壹城,http://hz.58.com/pinpaigongyu/30668930509389x.shtml?psid=119026596196745278414416067,950
【整租】米果 五常 五常部落,五常,http://hz.58.com/pinpaigongyu/30290921691207x.shtml?psid=119026596196745278414416067,1480-3000
【合租】老余杭 仓溢绿苑 4室次卧,仓溢绿苑,http://hz.58.com/pinpaigongyu/30421144848193x.shtml?psid=119026596196745278414416067,1000
【合租】老余杭 仓溢绿苑 4室次卧,仓溢绿苑,http://hz.58.com/pinpaigongyu/30656130291516x.shtml?psid=119026596196745278414416067,1300
【合租】火车东站 普福家园北区 3室主卧,普福家园北区,http://hz.58.com/pinpaigongyu/30846305747140x.shtml?psid=119026596196745278414416067,1380
【合租】老余杭 仓溢绿苑 4室主卧,仓溢绿苑,http://hz.58.com/pinpaigongyu/30443050220972x.shtml?psid=119026596196745278414416067,1500
【合租】火车东站 天庐苑 3室主卧,天庐苑,http://hz.58.com/pinpaigongyu/30846297356210x.shtml?psid=119026596196745278414416067,1380
【合租】老余杭 仓溢绿苑 4室主卧,仓溢绿苑,http://hz.58.com/pinpaigongyu/30565359876294x.shtml?psid=119026596196745278414416067,1400
【合租】老余杭 仓溢绿苑 4室主卧,仓溢绿苑,http://hz.58.com/pinpaigongyu/30487253126858x.shtml?psid=119026596196745278414416067,1500
【合租】老余杭 仓溢绿苑 4室主卧,仓溢绿苑,http://hz.58.com/pinpaigongyu/30355006080954x.shtml?psid=119026596196745278414416067,1450
【合租】余杭周边 木兰苑 4室主卧,木兰苑,http://hz.58.com/pinpaigongyu/30580169438156x.shtml?psid=119026596196745278414416067,1500
【合租】老余杭 仓溢绿苑 4室主卧,仓溢绿苑,http://hz.58.com/pinpaigongyu/30732386209087x.shtml?psid=119026596196745278414416067,1300
【合租】申花 融信蓝孔雀 3室次卧,融信蓝孔雀,http://hz.58.com/pinpaigongyu/30746689660595x.shtml?psid=119026596196745278414416067,1352
【合租】下沙物美 精欧荣寓 3室主卧,精欧荣寓,http://hz.58.com/pinpaigongyu/30846127900347x.shtml?psid=119026596196745278414416067,1500
【合租】老余杭 福鼎家园 4室次卧,福鼎家园,http://hz.58.com/pinpaigongyu/30821370784720x.shtml?psid=119026596196745278414416067,1280
【合租】老余杭 西溪北苑 1室主卧,西溪北苑,http://hz.58.com/pinpaigongyu/30492163344975x.shtml?psid=119026596196745278414416067,1400
【合租】祥符 招商九龙仓学院北 4室次卧,招商九龙仓学院北,http://hz.58.com/pinpaigongyu/30722522653771x.shtml?psid=150399139196745278450389092,1500
【整租】米果 五常 五常部落,五常,http://hz.58.com/pinpaigongyu/30290920277819x.shtml?psid=150399139196745278450389092,1480-3000
【合租】老余杭 仓溢绿苑 4室次卧,仓溢绿苑,http://hz.58.com/pinpaigongyu/30656157394252x.shtml?psid=150399139196745278450389092,1300
【合租】桥西 吉如家园 5室次卧,吉如家园,http://hz.58.com/pinpaigongyu/30711412585680x.shtml?psid=150399139196745278450389092,1200
【合租】老余杭 仓溢绿苑 3室主卧,仓溢绿苑,http://hz.58.com/pinpaigongyu/30611295826128x.shtml?psid=150399139196745278450389092,1200
【整租】米果 五常 五常部落,五常,http://hz.58.com/pinpaigongyu/30290921691207x.shtml?psid=150399139196745278450389092,1480-3000
【合租】未来科技城 西溪北苑北区 3室次卧,西溪北苑北区,http://hz.58.com/pinpaigongyu/30721761438633x.shtml?psid=150399139196745278450389092,1480
【合租】老余杭 仓溢绿苑 4室次卧,仓溢绿苑,http://hz.58.com/pinpaigongyu/30467646915143x.shtml?psid=150399139196745278450389092,1000
【合租】拱宸桥 富越香郡 4室次卧,富越香郡,http://hz.58.com/pinpaigongyu/30810404304710x.shtml?psid=150399139196745278450389092,1430
【合租】下沙沿江 保利东湾(东区) 3室次卧,保利东湾(东区),http://hz.58.com/pinpaigongyu/30746871573810x.shtml?psid=150399139196745278450389092,1104
【合租】老余杭 仓溢绿苑 4室次卧,仓溢绿苑,http://hz.58.com/pinpaigongyu/30656330950841x.shtml?psid=150399139196745278450389092,1300
【合租】下沙沿江 金隅观澜时代瀚庭 3室次卧,金隅观澜时代瀚庭,http://hz.58.com/pinpaigongyu/30747033403341x.shtml?psid=150399139196745278450389092,1500
【合租】长河 温馨人家 2室主卧,温馨人家,http://hz.58.com/pinpaigongyu/30724039456051x.shtml?psid=150399139196745278450389092,1488
【合租】未来科技城 EFC欧美金融城 4室次卧,EFC欧美金融城,http://hz.58.com/pinpaigongyu/30457229421748x.shtml?psid=150399139196745278450389092,1300
【合租】下沙沿江 金隅观澜时代朗轩 3室次卧,金隅观澜时代朗轩,http://hz.58.com/pinpaigongyu/30746977931441x.shtml?psid=150399139196745278450389092,1500
【合租】钱江世纪城 丰东花苑 5室次卧,丰东花苑,http://hz.58.com/pinpaigongyu/30424238094788x.shtml?psid=150399139196745278450389092,1450
【合租】下沙物美 裕园公寓 3室主卧,裕园公寓,http://hz.58.com/pinpaigongyu/30846149495626x.shtml?psid=150399139196745278450389092,1500
【合租】下沙 保利玫瑰湾 3室主卧,保利玫瑰湾,http://hz.58.com/pinpaigongyu/30844195623865x.shtml?psid=150399139196745278450389092,1470
【合租】城厢 绿都四季华庭 4室次卧,绿都四季华庭,http://hz.58.com/pinpaigongyu/30812582618678x.shtml?psid=150399139196745278450389092,950
【合租】未来科技城 EFC欧美金融城 4室次卧,EFC欧美金融城,http://hz.58.com/pinpaigongyu/30446111848618x.shtml?psid=150399139196745278450389092,1450
【合租】老余杭 仓溢绿苑 4室主卧,仓溢绿苑,http://hz.58.com/pinpaigongyu/30832624094153x.shtml?psid=132617339196745278499497674,1250
【整租】米果 五常 五常部落,五常,http://hz.58.com/pinpaigongyu/30290920277819x.shtml?psid=132617339196745278499497674,1480-3000
【合租】萧山周边 风情雅苑 4室次卧,风情雅苑,http://hz.58.com/pinpaigongyu/30841369141302x.shtml?psid=132617339196745278499497674,1500
【合租】老余杭 仓溢绿苑 4室次卧,仓溢绿苑,http://hz.58.com/pinpaigongyu/30354679087542x.shtml?psid=132617339196745278499497674,1300
【合租】下沙 多蓝水岸 3室主卧,多蓝水岸,http://hz.58.com/pinpaigongyu/30833474033613x.shtml?psid=132617339196745278499497674,1410
【整租】米果 五常 五常部落,五常,http://hz.58.com/pinpaigongyu/30290921691207x.shtml?psid=132617339196745278499497674,1480-3000
【合租】钱江世纪城 丰东花苑 4室次卧,丰东花苑,http://hz.58.com/pinpaigongyu/30787153185616x.shtml?psid=132617339196745278499497674,1250
【合租】文一路 西溪水岸花苑 1室次卧,西溪水岸花苑,http://hz.58.com/pinpaigongyu/30829376003628x.shtml?psid=132617339196745278499497674,1400
【合租】火车东站 时间国际 3室主卧,时间国际,http://hz.58.com/pinpaigongyu/30846292753970x.shtml?psid=132617339196745278499497674,1380
【合租】老余杭 仓溢绿苑 4室主卧,仓溢绿苑,http://hz.58.com/pinpaigongyu/30433931777705x.shtml?psid=132617339196745278499497674,1300
【合租】老余杭 仓溢绿苑 4室次卧,仓溢绿苑,http://hz.58.com/pinpaigongyu/30580198608823x.shtml?psid=132617339196745278499497674,1200
【合租】老余杭 仓溢绿苑 4室主卧,仓溢绿苑,http://hz.58.com/pinpaigongyu/30421509144619x.shtml?psid=132617339196745278499497674,1100
【合租】五常 西溪景苑 4室次卧,西溪景苑,http://hz.58.com/pinpaigongyu/30631259072188x.shtml?psid=132617339196745278499497674,1200
【合租】钱江世纪城 滨江金色江南 4室次卧,滨江金色江南,http://hz.58.com/pinpaigongyu/30665851703351x.shtml?psid=132617339196745278499497674,1200
【合租】下沙沿江 保利东湾(东区) 3室主卧,保利东湾(东区),http://hz.58.com/pinpaigongyu/30810507536187x.shtml?psid=132617339196745278499497674,1380
【合租】钱江世纪城 滨江金色江南 4室次卧,滨江金色江南,http://hz.58.com/pinpaigongyu/30657319736235x.shtml?psid=132617339196745278499497674,1200
【合租】勾庄 融科瑷颐湾 4室次卧,融科瑷颐湾,http://hz.58.com/pinpaigongyu/30785923003973x.shtml?psid=132617339196745278499497674,1450
【合租】勾庄 奥克斯缔壹城 4室次卧,奥克斯缔壹城,http://hz.58.com/pinpaigongyu/30799039514794x.shtml?psid=132617339196745278499497674,1000
【合租】星桥 仓溢东苑 5室次卧,仓溢东苑,http://hz.58.com/pinpaigongyu/30645587019953x.shtml?psid=132617339196745278499497674,1200
【合租】区政府 缤纷北苑 3室次卧,缤纷北苑,http://hz.58.com/pinpaigongyu/30745401367751x.shtml?psid=132617339196745278499497674,1464
【合租】区政府 缤纷北苑 3室次卧,缤纷北苑,http://hz.58.com/pinpaigongyu/30745401367751x.shtml?psid=187184463196745278540246409,1464
【整租】米果 五常 五常部落,五常,http://hz.58.com/pinpaigongyu/30290920277819x.shtml?psid=187184463196745278540246409,1480-3000
【合租】余杭周边 木兰苑 4室次卧,木兰苑,http://hz.58.com/pinpaigongyu/30487352537286x.shtml?psid=187184463196745278540246409,1200
【合租】老余杭 仓溢绿苑 3室主卧,仓溢绿苑,http://hz.58.com/pinpaigongyu/30434022656580x.shtml?psid=187184463196745278540246409,1200
【合租】未来科技城 仓溢东苑 5室次卧,仓溢东苑,http://hz.58.com/pinpaigongyu/30634261822012x.shtml?psid=187184463196745278540246409,1200
【整租】米果 五常 五常部落,五常,http://hz.58.com/pinpaigongyu/30290921691207x.shtml?psid=187184463196745278540246409,1480-3000
【合租】老余杭 仓溢绿苑 4室主卧,仓溢绿苑,http://hz.58.com/pinpaigongyu/30354988744900x.shtml?psid=187184463196745278540246409,1500
【合租】老余杭 仓溢绿苑 4室主卧,仓溢绿苑,http://hz.58.com/pinpaigongyu/30421251573297x.shtml?psid=187184463196745278540246409,1500
【合租】五常 西溪景苑 3室次卧,西溪景苑,http://hz.58.com/pinpaigongyu/30785965603014x.shtml?psid=187184463196745278540246409,1480
【合租】文一路 西溪水岸花苑 1室次卧,西溪水岸花苑,http://hz.58.com/pinpaigongyu/30845972553141x.shtml?psid=187184463196745278540246409,1350
【合租】老余杭 仓溢绿苑 4室次卧,仓溢绿苑,http://hz.58.com/pinpaigongyu/30433903078451x.shtml?psid=187184463196745278540246409,1000
【合租】未来科技城 EFC欧美金融城 4室次卧,EFC欧美金融城,http://hz.58.com/pinpaigongyu/30600326307382x.shtml?psid=187184463196745278540246409,1000
【合租】老余杭 仓溢绿苑 3室主卧,仓溢绿苑,http://hz.58.com/pinpaigongyu/30467743441356x.shtml?psid=187184463196745278540246409,1300
【合租】勾庄 奥克斯缔壹城 4室次卧,奥克斯缔壹城,http://hz.58.com/pinpaigongyu/30711242436524x.shtml?psid=187184463196745278540246409,950
【合租】钱江世纪城 丰东花苑 4室次卧,丰东花苑,http://hz.58.com/pinpaigongyu/30742916872753x.shtml?psid=187184463196745278540246409,1200
【合租】老余杭 仓溢绿苑 4室主卧,仓溢绿苑,http://hz.58.com/pinpaigongyu/30421243477681x.shtml?psid=187184463196745278540246409,1500
【合租】未来科技城 仓溢东苑 4室次卧,仓溢东苑,http://hz.58.com/pinpaigongyu/30113751905741x.shtml?psid=187184463196745278540246409,1200
【合租】祥符 招商九龙仓学院北 4室次卧,招商九龙仓学院北,http://hz.58.com/pinpaigongyu/30832477745463x.shtml?psid=187184463196745278540246409,1500
【合租】钱江世纪城 丰东花苑 4室次卧,丰东花苑,http://hz.58.com/pinpaigongyu/30785908029128x.shtml?psid=187184463196745278540246409,1470
【合租】老余杭 仓溢绿苑 4室次卧,仓溢绿苑,http://hz.58.com/pinpaigongyu/30498446257972x.shtml?psid=187184463196745278540246409,1000
【合租】下沙物美 天元公寓 3室主卧,天元公寓,http://hz.58.com/pinpaigongyu/30846094928818x.shtml?psid=197478719196745278588663185,1500
【整租】米果 五常 五常部落,五常,http://hz.58.com/pinpaigongyu/30290920277819x.shtml?psid=197478719196745278588663185,1480-3000
【合租】拱墅周边 滨江万家花城二期 3室主卧,滨江万家花城二期,http://hz.58.com/pinpaigongyu/30833249315377x.shtml?psid=197478719196745278588663185,1390
【合租】区政府 新州花苑 3室主卧,新州花苑,http://hz.58.com/pinpaigongyu/30745230800305x.shtml?psid=197478719196745278588663185,1344
【合租】老余杭 仓溢绿苑 4室次卧,仓溢绿苑,http://hz.58.com/pinpaigongyu/30631271877172x.shtml?psid=197478719196745278588663185,1300
【整租】米果 五常 五常部落,五常,http://hz.58.com/pinpaigongyu/30290921691207x.shtml?psid=197478719196745278588663185,1480-3000
【合租】勾庄 奥克斯缔壹城 4室次卧,奥克斯缔壹城,http://hz.58.com/pinpaigongyu/30799076728782x.shtml?psid=197478719196745278588663185,950
【合租】星桥 仓溢东苑 4室次卧,仓溢东苑,http://hz.58.com/pinpaigongyu/30424210386986x.shtml?psid=197478719196745278588663185,1150
【合租】祥符 招商九龙仓学院北 5室次卧,招商九龙仓学院北,http://hz.58.com/pinpaigongyu/30721656734025x.shtml?psid=197478719196745278588663185,1200
【合租】北干 丰东花苑 4室主卧,丰东花苑,http://hz.58.com/pinpaigongyu/30414124735145x.shtml?psid=197478719196745278588663185,1450
【合租】长河 铂金名筑 1室次卧,铂金名筑,http://hz.58.com/pinpaigongyu/30420773556039x.shtml?psid=197478719196745278588663185,1400
【合租】老余杭 仓溢绿苑 4室主卧,仓溢绿苑,http://hz.58.com/pinpaigongyu/30732575143593x.shtml?psid=197478719196745278588663185,1500
【合租】未来科技城 大华西溪风情 4室次卧,大华西溪风情,http://hz.58.com/pinpaigongyu/30638613116748x.shtml?psid=197478719196745278588663185,1000
【合租】老余杭 仓溢绿苑 4室主卧,仓溢绿苑,http://hz.58.com/pinpaigongyu/30421457444426x.shtml?psid=197478719196745278588663185,1100
【合租】申花 首开国风美域 3室次卧,首开国风美域,http://hz.58.com/pinpaigongyu/30745933087049x.shtml?psid=197478719196745278588663185,1272
【合租】老余杭 西溪北苑 1室次卧,西溪北苑,http://hz.58.com/pinpaigongyu/30723905773484x.shtml?psid=197478719196745278588663185,1450
【合租】祥符 招商九龙仓学院北 4室次卧,招商九龙仓学院北,http://hz.58.com/pinpaigongyu/30657607226291x.shtml?psid=197478719196745278588663185,1500
【合租】老余杭 仓溢绿苑 4室次卧,仓溢绿苑,http://hz.58.com/pinpaigongyu/30465124514233x.shtml?psid=197478719196745278588663185,1300
【合租】区政府 寰宇天下E区 3室次卧,寰宇天下E区,http://hz.58.com/pinpaigongyu/30746483498539x.shtml?psid=197478719196745278588663185,1500
【合租】老余杭 仓溢绿苑 4室次卧,仓溢绿苑,http://hz.58.com/pinpaigongyu/30722388085701x.shtml?psid=197478719196745278588663185,1100
【合租】文一路 蒋村花园如意苑 3室主卧,蒋村花园如意苑,http://hz.58.com/pinpaigongyu/30844944281153x.shtml?psid=187114667196745278637284819,1450
【整租】米果 五常 五常部落,五常,http://hz.58.com/pinpaigongyu/30290920277819x.shtml?psid=187114667196745278637284819,1480-3000
【合租】老余杭 仓溢绿苑 3室次卧,仓溢绿苑,http://hz.58.com/pinpaigongyu/30368709316296x.shtml?psid=187114667196745278637284819,1300
【合租】老余杭 西溪北苑 1室主卧,西溪北苑,http://hz.58.com/pinpaigongyu/30486535295553x.shtml?psid=187114667196745278637284819,1480
【合租】老余杭 仓溢绿苑 4室主卧,仓溢绿苑,http://hz.58.com/pinpaigongyu/30421193323057x.shtml?psid=187114667196745278637284819,1500
【整租】米果 五常 五常部落,五常,http://hz.58.com/pinpaigongyu/30290921691207x.shtml?psid=187114667196745278637284819,1480-3000
【合租】勾庄 大华海派风景 4室次卧,大华海派风景,http://hz.58.com/pinpaigongyu/30494828818614x.shtml?psid=187114667196745278637284819,1500
【合租】下沙沿江 金隅观澜时代瀚庭 3室次卧,金隅观澜时代瀚庭,http://hz.58.com/pinpaigongyu/30747054671289x.shtml?psid=187114667196745278637284819,1440
【合租】老余杭 仓溢绿苑 4室次卧,仓溢绿苑,http://hz.58.com/pinpaigongyu/30443218691264x.shtml?psid=187114667196745278637284819,1000
【合租】西溪 蒋村花园兴达苑 3室次卧,蒋村花园兴达苑,http://hz.58.com/pinpaigongyu/30785942846271x.shtml?psid=187114667196745278637284819,1300
【合租】老余杭 仓溢绿苑 4室次卧,仓溢绿苑,http://hz.58.com/pinpaigongyu/30368565416249x.shtml?psid=187114667196745278637284819,1500
【合租】下沙 保利玫瑰湾 3室主卧,保利玫瑰湾,http://hz.58.com/pinpaigongyu/30833198622544x.shtml?psid=187114667196745278637284819,1470
【合租】闲林 浙地人家 4室主卧,浙地人家,http://hz.58.com/pinpaigongyu/30722918032579x.shtml?psid=187114667196745278637284819,1480
【合租】申花 融信蓝孔雀 3室次卧,融信蓝孔雀,http://hz.58.com/pinpaigongyu/30746758409805x.shtml?psid=187114667196745278637284819,1432
【合租】星桥 仓溢东苑 4室主卧,仓溢东苑,http://hz.58.com/pinpaigongyu/30600450839105x.shtml?psid=187114667196745278637284819,1150
【合租】老余杭 仓溢绿苑 3室次卧,仓溢绿苑,http://hz.58.com/pinpaigongyu/30711393948484x.shtml?psid=187114667196745278637284819,1200
【合租】老余杭 西溪北苑 1室次卧,西溪北苑,http://hz.58.com/pinpaigongyu/30707701908048x.shtml?psid=187114667196745278637284819,1400
【合租】老余杭 仓溢绿苑 4室次卧,仓溢绿苑,http://hz.58.com/pinpaigongyu/30401728788402x.shtml?psid=187114667196745278637284819,1000
【合租】西溪 蒋村花园兴达苑 3室次卧,蒋村花园兴达苑,http://hz.58.com/pinpaigongyu/30787876044617x.shtml?psid=187114667196745278637284819,1300
【合租】祥符 招商九龙仓学院北 4室次卧,招商九龙仓学院北,http://hz.58.com/pinpaigongyu/30644456908855x.shtml?psid=187114667196745278637284819,1500
【合租】申花 景瑞申花壹号院 3室主卧,景瑞申花壹号院,http://hz.58.com/pinpaigongyu/30753127143369x.shtml?psid=139539196196745278694948263,1350
【整租】米果 五常 五常部落,五常,http://hz.58.com/pinpaigongyu/30290920277819x.shtml?psid=139539196196745278694948263,1480-3000
【合租】星桥 仓溢东苑 4室次卧,仓溢东苑,http://hz.58.com/pinpaigongyu/30433903723570x.shtml?psid=139539196196745278694948263,1000
【合租】下沙 保利玫瑰湾 3室次卧,保利玫瑰湾,http://hz.58.com/pinpaigongyu/30746931393099x.shtml?psid=139539196196745278694948263,1144
【合租】老余杭 仓溢绿苑 3室主卧,仓溢绿苑,http://hz.58.com/pinpaigongyu/30389539144778x.shtml?psid=139539196196745278694948263,1300
【整租】米果 五常 五常部落,五常,http://hz.58.com/pinpaigongyu/30290921691207x.shtml?psid=139539196196745278694948263,1480-3000
【合租】星桥 仓溢东苑 5室次卧,仓溢东苑,http://hz.58.com/pinpaigongyu/30424197949884x.shtml?psid=139539196196745278694948263,900
【合租】老余杭 仓溢绿苑 4室次卧,仓溢绿苑,http://hz.58.com/pinpaigongyu/30666154691664x.shtml?psid=139539196196745278694948263,1000
【合租】老余杭 仓溢绿苑 4室主卧,仓溢绿苑,http://hz.58.com/pinpaigongyu/30421329528643x.shtml?psid=139539196196745278694948263,1300
【合租】祥符 招商九龙仓学院北 3室次卧,招商九龙仓学院北,http://hz.58.com/pinpaigongyu/30721696103222x.shtml?psid=139539196196745278694948263,1100
【合租】西溪 西溪水岸花苑 1室次卧,西溪水岸花苑,http://hz.58.com/pinpaigongyu/30663191622329x.shtml?psid=139539196196745278694948263,1300
【合租】老余杭 仓溢绿苑 3室次卧,仓溢绿苑,http://hz.58.com/pinpaigongyu/30656369436351x.shtml?psid=139539196196745278694948263,1200
【合租】星桥 仓溢东苑 4室次卧,仓溢东苑,http://hz.58.com/pinpaigongyu/30433897295934x.shtml?psid=139539196196745278694948263,1000
【合租】老余杭 仓溢绿苑 4室次卧,仓溢绿苑,http://hz.58.com/pinpaigongyu/30433899606584x.shtml?psid=139539196196745278694948263,1100
【合租】申花 首开国风美域 3室主卧,首开国风美域,http://hz.58.com/pinpaigongyu/30833942239941x.shtml?psid=139539196196745278694948263,1200
【合租】浦沿 浙新小区 4室次卧,浙新小区,http://hz.58.com/pinpaigongyu/30638606933931x.shtml?psid=139539196196745278694948263,1500
【合租】下沙物美 天元公寓 5室次卧,天元公寓,http://hz.58.com/pinpaigongyu/30638605856827x.shtml?psid=139539196196745278694948263,1300
【合租】区政府 寰宇天下C区 3室次卧,寰宇天下C区,http://hz.58.com/pinpaigongyu/30745434483890x.shtml?psid=139539196196745278694948263,1352
【合租】勾庄 奥克斯缔壹城 5室次卧,奥克斯缔壹城,http://hz.58.com/pinpaigongyu/30701226279491x.shtml?psid=139539196196745278694948263,1000
【合租】老余杭 仓溢绿苑 4室次卧,仓溢绿苑,http://hz.58.com/pinpaigongyu/30421105764800x.shtml?psid=139539196196745278694948263,1000
【合租】老余杭 仓溢绿苑 4室主卧,仓溢绿苑,http://hz.58.com/pinpaigongyu/30421442592579x.shtml?psid=180676358196745278737464669,1300
【整租】米果 五常 五常部落,五常,http://hz.58.com/pinpaigongyu/30290920277819x.shtml?psid=180676358196745278737464669,1480-3000
【合租】五常 西溪景苑 4室次卧,西溪景苑,http://hz.58.com/pinpaigongyu/30687114747689x.shtml?psid=180676358196745278737464669,1200
【合租】老余杭 仓溢绿苑 4室主卧,仓溢绿苑,http://hz.58.com/pinpaigongyu/30421311635018x.shtml?psid=180676358196745278737464669,1300
【合租】老余杭 仓溢绿苑 3室次卧,仓溢绿苑,http://hz.58.com/pinpaigongyu/30376759288911x.shtml?psid=180676358196745278737464669,1300
【整租】米果 五常 五常部落,五常,http://hz.58.com/pinpaigongyu/30290921691207x.shtml?psid=180676358196745278737464669,1480-3000
【合租】老余杭 仓溢绿苑 4室主卧,仓溢绿苑,http://hz.58.com/pinpaigongyu/30456048931260x.shtml?psid=180676358196745278737464669,1300
【合租】钱江世纪城 滨江金色江南 4室次卧,滨江金色江南,http://hz.58.com/pinpaigongyu/30643014985652x.shtml?psid=180676358196745278737464669,1200
【合租】老余杭 仓溢绿苑 4室次卧,仓溢绿苑,http://hz.58.com/pinpaigongyu/30444784521386x.shtml?psid=180676358196745278737464669,1300
【合租】西兴 瑞立东方花城 3室主卧,瑞立东方花城,http://hz.58.com/pinpaigongyu/30732128104134x.shtml?psid=180676358196745278737464669,1500
【合租】下沙沿江 保利东湾(东区) 3室主卧,保利东湾(东区),http://hz.58.com/pinpaigongyu/30832841018283x.shtml?psid=180676358196745278737464669,1380
【合租】老余杭 仓溢绿苑 4室次卧,仓溢绿苑,http://hz.58.com/pinpaigongyu/30421317524943x.shtml?psid=180676358196745278737464669,1200
【合租】城厢 绿都四季华庭 4室主卧,绿都四季华庭,http://hz.58.com/pinpaigongyu/30711470373838x.shtml?psid=180676358196745278737464669,1150
【合租】申花 景瑞申花壹号院 3室次卧,景瑞申花壹号院,http://hz.58.com/pinpaigongyu/30745711253956x.shtml?psid=180676358196745278737464669,1169
【合租】老余杭 仓溢绿苑 4室主卧,仓溢绿苑,http://hz.58.com/pinpaigongyu/30420782940476x.shtml?psid=180676358196745278737464669,1500
【合租】星桥 仓溢东苑 4室次卧,仓溢东苑,http://hz.58.com/pinpaigongyu/30446074970946x.shtml?psid=180676358196745278737464669,1150
【合租】申花 融信蓝孔雀 3室次卧,融信蓝孔雀,http://hz.58.com/pinpaigongyu/30746669062327x.shtml?psid=180676358196745278737464669,1168
【合租】申花 融信蓝孔雀 3室次卧,融信蓝孔雀,http://hz.58.com/pinpaigongyu/30746628148923x.shtml?psid=180676358196745278737464669,1112
【合租】北干 丰东花苑 4室主卧,丰东花苑,http://hz.58.com/pinpaigongyu/30611016526265x.shtml?psid=180676358196745278737464669,1450
【合租】老余杭 仓溢绿苑 3室次卧,仓溢绿苑,http://hz.58.com/pinpaigongyu/30642397445674x.shtml?psid=180676358196745278737464669,1200
【合租】老余杭 仓溢绿苑 4室次卧,仓溢绿苑,http://hz.58.com/pinpaigongyu/30600353882309x.shtml?psid=129338933196745278790758144,1100
【整租】米果 五常 五常部落,五常,http://hz.58.com/pinpaigongyu/30290920277819x.shtml?psid=129338933196745278790758144,1480-3000
【合租】五常 西溪景苑 3室主卧,西溪景苑,http://hz.58.com/pinpaigongyu/30832797760069x.shtml?psid=129338933196745278790758144,1480
【合租】老余杭 仓溢绿苑 4室主卧,仓溢绿苑,http://hz.58.com/pinpaigongyu/30399338665145x.shtml?psid=129338933196745278790758144,1300
【合租】申花 融信蓝孔雀 3室次卧,融信蓝孔雀,http://hz.58.com/pinpaigongyu/30746677836085x.shtml?psid=129338933196745278790758144,1168
【整租】米果 五常 五常部落,五常,http://hz.58.com/pinpaigongyu/30290921691207x.shtml?psid=129338933196745278790758144,1480-3000
【合租】北干 绿都湖滨花园 4室次卧,绿都湖滨花园,http://hz.58.com/pinpaigongyu/30468628791081x.shtml?psid=129338933196745278790758144,1332
【合租】城厢 绿都四季华庭 3室主卧,绿都四季华庭,http://hz.58.com/pinpaigongyu/30456201224015x.shtml?psid=129338933196745278790758144,1350
【合租】申花 黄龙金茂悦 3室次卧,黄龙金茂悦,http://hz.58.com/pinpaigongyu/30745570185808x.shtml?psid=129338933196745278790758144,1432
【合租】五常 西溪景苑 4室次卧,西溪景苑,http://hz.58.com/pinpaigongyu/30644183668424x.shtml?psid=129338933196745278790758144,1200
【合租】老余杭 仓溢绿苑 3室次卧,仓溢绿苑,http://hz.58.com/pinpaigongyu/30579852474448x.shtml?psid=129338933196745278790758144,1200
【合租】下沙沿江 金隅观澜时代朗轩 3室次卧,金隅观澜时代朗轩,http://hz.58.com/pinpaigongyu/30746992947755x.shtml?psid=129338933196745278790758144,1400
【合租】老余杭 福鼎家园 4室次卧,福鼎家园,http://hz.58.com/pinpaigongyu/30832563242316x.shtml?psid=129338933196745278790758144,1280
【合租】申花 融信蓝孔雀 3室次卧,融信蓝孔雀,http://hz.58.com/pinpaigongyu/30746716439112x.shtml?psid=129338933196745278790758144,1424
【合租】浦沿 浙新小区 4室次卧,浙新小区,http://hz.58.com/pinpaigongyu/30366925199287x.shtml?psid=129338933196745278790758144,1500
【合租】西兴 春波小区 3室次卧,春波小区,http://hz.58.com/pinpaigongyu/30752987553599x.shtml?psid=129338933196745278790758144,1500
【合租】老余杭 仓溢绿苑 4室次卧,仓溢绿苑,http://hz.58.com/pinpaigongyu/30456062830917x.shtml?psid=129338933196745278790758144,1000
【合租】浦沿 钱塘福苑 4室次卧,钱塘福苑,http://hz.58.com/pinpaigongyu/30832595955787x.shtml?psid=129338933196745278790758144,1500
【合租】勾庄 奥克斯缔壹城 4室次卧,奥克斯缔壹城,http://hz.58.com/pinpaigongyu/30799123344565x.shtml?psid=129338933196745278790758144,1450
【合租】星桥 仓溢东苑 4室次卧,仓溢东苑,http://hz.58.com/pinpaigongyu/30366427462971x.shtml?psid=129338933196745278790758144,1000
【合租】下沙 保利玫瑰湾 3室次卧,保利玫瑰湾,http://hz.58.com/pinpaigongyu/30746966089295x.shtml?psid=180920038196745278870072915,1472
【整租】米果 五常 五常部落,五常,http://hz.58.com/pinpaigongyu/30290920277819x.shtml?psid=180920038196745278870072915,1480-3000
【合租】老余杭 仓溢绿苑 4室次卧,仓溢绿苑,http://hz.58.com/pinpaigongyu/30413150947753x.shtml?psid=180920038196745278870072915,1000
【合租】申花 景瑞申花壹号院 3室次卧,景瑞申花壹号院,http://hz.58.com/pinpaigongyu/30745691154361x.shtml?psid=180920038196745278870072915,1500
【合租】申花 融信蓝孔雀 3室次卧,融信蓝孔雀,http://hz.58.com/pinpaigongyu/30746616370890x.shtml?psid=180920038196745278870072915,1032
【整租】米果 五常 五常部落,五常,http://hz.58.com/pinpaigongyu/30290921691207x.shtml?psid=180920038196745278870072915,1480-3000
【合租】老余杭 仓溢绿苑 4室主卧,仓溢绿苑,http://hz.58.com/pinpaigongyu/30366434447032x.shtml?psid=180920038196745278870072915,1500
【合租】未来科技城 西溪北苑 1室次卧,西溪北苑,http://hz.58.com/pinpaigongyu/30830986972989x.shtml?psid=180920038196745278870072915,1450
【合租】老余杭 仓溢绿苑 4室次卧,仓溢绿苑,http://hz.58.com/pinpaigongyu/30421212297906x.shtml?psid=180920038196745278870072915,1300
【合租】未来科技城 EFC欧美金融城 4室次卧,EFC欧美金融城,http://hz.58.com/pinpaigongyu/30401833585204x.shtml?psid=180920038196745278870072915,1000
【合租】老余杭 仓溢绿苑 3室次卧,仓溢绿苑,http://hz.58.com/pinpaigongyu/30579891199556x.shtml?psid=180920038196745278870072915,1200
【合租】拱宸桥 富越香郡 4室次卧,富越香郡,http://hz.58.com/pinpaigongyu/30756274508487x.shtml?psid=180920038196745278870072915,1450
【合租】下沙物美 东沙铭城 3室主卧,东沙铭城,http://hz.58.com/pinpaigongyu/30846123877189x.shtml?psid=180920038196745278870072915,1500
【合租】申花 融信蓝孔雀 3室次卧,融信蓝孔雀,http://hz.58.com/pinpaigongyu/30746699344819x.shtml?psid=180920038196745278870072915,1368
【合租】未来科技城 仓溢东苑 4室次卧,仓溢东苑,http://hz.58.com/pinpaigongyu/30610832130622x.shtml?psid=180920038196745278870072915,1000
【合租】未来科技城 EFC欧美金融城 4室次卧,EFC欧美金融城,http://hz.58.com/pinpaigongyu/30367022923320x.shtml?psid=180920038196745278870072915,1000
【合租】未来科技城 福鼎家园 1室主卧,福鼎家园,http://hz.58.com/pinpaigongyu/30532985646148x.shtml?psid=180920038196745278870072915,1400
【合租】五常 西溪雅苑北区 5室次卧,西溪雅苑北区,http://hz.58.com/pinpaigongyu/30465026118479x.shtml?psid=180920038196745278870072915,1400
【合租】申花 首开国风美域 3室次卧,首开国风美域,http://hz.58.com/pinpaigongyu/30745945999679x.shtml?psid=180920038196745278870072915,1272
【合租】下沙物美 北银公寓 3室主卧,北银公寓,http://hz.58.com/pinpaigongyu/30846139391548x.shtml?psid=180920038196745278870072915,1500
【合租】申花 首开国风美域 3室次卧,首开国风美域,http://hz.58.com/pinpaigongyu/30745945999679x.shtml?psid=152658138196745278912637563,1272
【整租】米果 五常 五常部落,五常,http://hz.58.com/pinpaigongyu/30290920277819x.shtml?psid=152658138196745278912637563,1480-3000
【合租】区政府 寰宇天下E区 3室次卧,寰宇天下E区,http://hz.58.com/pinpaigongyu/30746510587449x.shtml?psid=152658138196745278912637563,1192
【合租】老余杭 仓溢绿苑 4室次卧,仓溢绿苑,http://hz.58.com/pinpaigongyu/30487324520378x.shtml?psid=152658138196745278912637563,1300
【合租】祥符 招商九龙仓学院北 5室次卧,招商九龙仓学院北,http://hz.58.com/pinpaigongyu/30634239468615x.shtml?psid=152658138196745278912637563,1200
【整租】米果 五常 五常部落,五常,http://hz.58.com/pinpaigongyu/30290921691207x.shtml?psid=152658138196745278912637563,1480-3000
【合租】未来科技城 西溪北苑 1室主卧,西溪北苑,http://hz.58.com/pinpaigongyu/30830941161151x.shtml?psid=152658138196745278912637563,1500
【合租】西兴 迎春南苑 3室次卧,迎春南苑,http://hz.58.com/pinpaigongyu/30745301322539x.shtml?psid=152658138196745278912637563,1328
【合租】下沙 野风海天城 3室次卧,野风海天城,http://hz.58.com/pinpaigongyu/30746862026055x.shtml?psid=152658138196745278912637563,1440
【合租】老余杭 仓溢绿苑 4室主卧,仓溢绿苑,http://hz.58.com/pinpaigongyu/30433921343163x.shtml?psid=152658138196745278912637563,1500
【合租】火车东站 联合麦田 3室主卧,联合麦田,http://hz.58.com/pinpaigongyu/30846323215540x.shtml?psid=152658138196745278912637563,1380
【合租】老余杭 仓溢绿苑 4室次卧,仓溢绿苑,http://hz.58.com/pinpaigongyu/30653303782587x.shtml?psid=152658138196745278912637563,1000
【合租】区政府 缤纷北苑 3室次卧,缤纷北苑,http://hz.58.com/pinpaigongyu/30745378493640x.shtml?psid=152658138196745278912637563,1352
【合租】余杭周边 木兰苑 4室次卧,木兰苑,http://hz.58.com/pinpaigongyu/30498262839603x.shtml?psid=152658138196745278912637563,1200
【合租】老余杭 仓溢绿苑 4室次卧,仓溢绿苑,http://hz.58.com/pinpaigongyu/30368553624134x.shtml?psid=152658138196745278912637563,1300
【合租】老余杭 仓溢绿苑 4室次卧,仓溢绿苑,http://hz.58.com/pinpaigongyu/30498346004164x.shtml?psid=152658138196745278912637563,1300
【合租】下沙物美 大都文苑风情 3室主卧,大都文苑风情,http://hz.58.com/pinpaigongyu/30846110657102x.shtml?psid=152658138196745278912637563,1500
【合租】老余杭 仓溢绿苑 4室主卧,仓溢绿苑,http://hz.58.com/pinpaigongyu/30510704635192x.shtml?psid=152658138196745278912637563,1300
【合租】老余杭 仓溢绿苑 3室次卧,仓溢绿苑,http://hz.58.com/pinpaigongyu/30644155004613x.shtml?psid=152658138196745278912637563,1200
【合租】浦沿 浙新小区 4室次卧,浙新小区,http://hz.58.com/pinpaigongyu/30366946969156x.shtml?psid=152658138196745278912637563,1500
【合租】老余杭 仓溢绿苑 4室次卧,仓溢绿苑,http://hz.58.com/pinpaigongyu/30376699615423x.shtml?psid=193885222196745278996642875,1300
【整租】米果 五常 五常部落,五常,http://hz.58.com/pinpaigongyu/30290920277819x.shtml?psid=193885222196745278996642875,1480-3000
【合租】申花 融信蓝孔雀 3室次卧,融信蓝孔雀,http://hz.58.com/pinpaigongyu/30746771044011x.shtml?psid=193885222196745278996642875,1488
【合租】未来科技城 仓溢东苑 4室次卧,仓溢东苑,http://hz.58.com/pinpaigongyu/30488189314115x.shtml?psid=193885222196745278996642875,1150
【合租】老余杭 仓溢绿苑 4室次卧,仓溢绿苑,http://hz.58.com/pinpaigongyu/30542667376448x.shtml?psid=193885222196745278996642875,1200
【整租】米果 五常 五常部落,五常,http://hz.58.com/pinpaigongyu/30290921691207x.shtml?psid=193885222196745278996642875,1480-3000
【合租】老余杭 仓溢绿苑 4室次卧,仓溢绿苑,http://hz.58.com/pinpaigongyu/30401773076156x.shtml?psid=193885222196745278996642875,1000
【合租】开发区 保利霞飞郡(公寓 4室主卧,保利霞飞郡(公寓,http://hz.58.com/pinpaigongyu/30414098594249x.shtml?psid=193885222196745278996642875,1320
【合租】北干 丰东花苑 4室主卧,丰东花苑,http://hz.58.com/pinpaigongyu/30611004714807x.shtml?psid=193885222196745278996642875,1250
【合租】老余杭 仓溢绿苑 3室主卧,仓溢绿苑,http://hz.58.com/pinpaigongyu/30732374664499x.shtml?psid=193885222196745278996642875,1200
【合租】申花 景瑞申花壹号院 3室次卧,景瑞申花壹号院,http://hz.58.com/pinpaigongyu/30809904039751x.shtml?psid=193885222196745278996642875,1112
【合租】未来科技城 西溪北苑 1室次卧,西溪北苑,http://hz.58.com/pinpaigongyu/30843783352904x.shtml?psid=193885222196745278996642875,1400
【合租】老余杭 仓溢绿苑 4室主卧,仓溢绿苑,http://hz.58.com/pinpaigongyu/30578339809228x.shtml?psid=193885222196745278996642875,1200
【合租】西兴 瑞立东方花城 3室主卧,瑞立东方花城,http://hz.58.com/pinpaigongyu/30745186730945x.shtml?psid=193885222196745278996642875,1304
【合租】下沙沿江 金隅观澜时代朗轩 3室次卧,金隅观澜时代朗轩,http://hz.58.com/pinpaigongyu/30747011034929x.shtml?psid=193885222196745278996642875,1424
【合租】城厢 绿都四季华庭 3室次卧,绿都四季华庭,http://hz.58.com/pinpaigongyu/30690412684868x.shtml?psid=193885222196745278996642875,1000
【合租】祥符 招商九龙仓学院北 5室次卧,招商九龙仓学院北,http://hz.58.com/pinpaigongyu/30721673053111x.shtml?psid=193885222196745278996642875,1500
【合租】勾庄 奥克斯缔壹城 4室次卧,奥克斯缔壹城,http://hz.58.com/pinpaigongyu/30832561368106x.shtml?psid=193885222196745278996642875,1450
【合租】老余杭 仓溢绿苑 4室主卧,仓溢绿苑,http://hz.58.com/pinpaigongyu/30421154239027x.shtml?psid=193885222196745278996642875,1500
【合租】文一路 登新公寓 4室次卧,登新公寓,http://hz.58.com/pinpaigongyu/30752951072321x.shtml?psid=193885222196745278996642875,1350
【合租】下沙 保利玫瑰湾 3室主卧,保利玫瑰湾,http://hz.58.com/pinpaigongyu/30844189499305x.shtml?psid=134171262196745279095639451,1250
【整租】米果 五常 五常部落,五常,http://hz.58.com/pinpaigongyu/30290920277819x.shtml?psid=134171262196745279095639451,1480-3000
【合租】未来科技城 仓溢东苑 4室主卧,仓溢东苑,http://hz.58.com/pinpaigongyu/30765986920380x.shtml?psid=134171262196745279095639451,1150
【合租】下沙 保利玫瑰湾 3室主卧,保利玫瑰湾,http://hz.58.com/pinpaigongyu/30844188561228x.shtml?psid=134171262196745279095639451,1220
【合租】余杭周边 奥克斯 4室主卧,奥克斯,http://hz.58.com/pinpaigongyu/30765823284154x.shtml?psid=134171262196745279095639451,1450
【整租】米果 五常 五常部落,五常,http://hz.58.com/pinpaigongyu/30290921691207x.shtml?psid=134171262196745279095639451,1480-3000
【整租】米果 五常 五常部落,五常,http://hz.58.com/pinpaigongyu/30289208111168x.shtml?psid=134171262196745279095639451,1480-3000
【合租】下沙沿江 宋都晨光国际 5室次卧,宋都晨光国际,http://hz.58.com/pinpaigongyu/30727071365945x.shtml?psid=134171262196745279095639451,1450
【合租】转塘 之江九里 6室次卧,之江九里,http://hz.58.com/pinpaigongyu/30848737038783x.shtml?psid=134171262196745279095639451,850
【合租】老余杭 仓溢绿苑 4室主卧,仓溢绿苑,http://hz.58.com/pinpaigongyu/30421381825857x.shtml?psid=134171262196745279095639451,1100
【合租】长河 铂金名筑 3室主卧,铂金名筑,http://hz.58.com/pinpaigongyu/30724001556936x.shtml?psid=134171262196745279095639451,1432
【合租】祥符 华盛达阅城 4室次卧,华盛达阅城,http://hz.58.com/pinpaigongyu/30842923338164x.shtml?psid=134171262196745279095639451,1500
【合租】下沙沿江 金隅观澜时代瀚庭 3室次卧,金隅观澜时代瀚庭,http://hz.58.com/pinpaigongyu/30747042880455x.shtml?psid=134171262196745279095639451,1424
【合租】下沙沿江 金隅观澜时代朗轩 3室主卧,金隅观澜时代朗轩,http://hz.58.com/pinpaigongyu/30810914523955x.shtml?psid=134171262196745279095639451,1200
【合租】申花 景瑞申花壹号院 3室次卧,景瑞申花壹号院,http://hz.58.com/pinpaigongyu/30809914151871x.shtml?psid=134171262196745279095639451,1248
【合租】申花 融信蓝孔雀 3室次卧,融信蓝孔雀,http://hz.58.com/pinpaigongyu/30746641025707x.shtml?psid=134171262196745279095639451,1112
【合租】勾庄 融科瑷颐湾 4室次卧,融科瑷颐湾,http://hz.58.com/pinpaigongyu/30666250647491x.shtml?psid=134171262196745279095639451,1100
【合租】申花 融信蓝孔雀 2室主卧,融信蓝孔雀,http://hz.58.com/pinpaigongyu/30732389380549x.shtml?psid=134171262196745279095639451,1390
【合租】未来科技城 仓溢东苑 4室次卧,仓溢东苑,http://hz.58.com/pinpaigongyu/30411762378697x.shtml?psid=134171262196745279095639451,1150
【合租】祥符 招商九龙仓学院北 4室次卧,招商九龙仓学院北,http://hz.58.com/pinpaigongyu/30645603288776x.shtml?psid=134171262196745279095639451,1500
【合租】下沙 保利玫瑰湾 3室次卧,保利玫瑰湾,http://hz.58.com/pinpaigongyu/30746951655098x.shtml?psid=195412933196745279146745246,1176
【整租】米果 五常 五常部落,五常,http://hz.58.com/pinpaigongyu/30290920277819x.shtml?psid=195412933196745279146745246,1480-3000
【合租】未来科技城 欧美金融城（EF 4室次卧,欧美金融城（EF,http://hz.58.com/pinpaigongyu/30734394016437x.shtml?psid=195412933196745279146745246,1000
【合租】老余杭 西溪北苑 1室主卧,西溪北苑,http://hz.58.com/pinpaigongyu/30707673004724x.shtml?psid=195412933196745279146745246,1500
【合租】祥符 融信学院府 2室主卧,融信学院府,http://hz.58.com/pinpaigongyu/30734002411719x.shtml?psid=195412933196745279146745246,1190
【整租】米果 五常 五常部落,五常,http://hz.58.com/pinpaigongyu/30290921691207x.shtml?psid=195412933196745279146745246,1480-3000
【合租】区政府 新州花苑 3室主卧,新州花苑,http://hz.58.com/pinpaigongyu/30745263538232x.shtml?psid=195412933196745279146745246,1464
【合租】下沙江湾 保利湾天地 3室主卧,保利湾天地,http://hz.58.com/pinpaigongyu/30846099818027x.shtml?psid=195412933196745279146745246,1500
【合租】老余杭 仓溢绿苑 4室次卧,仓溢绿苑,http://hz.58.com/pinpaigongyu/30431913981889x.shtml?psid=195412933196745279146745246,1000
【整租】米果 五常 五常部落,五常,http://hz.58.com/pinpaigongyu/30291041901645x.shtml?psid=195412933196745279146745246,1480-3000
【合租】老余杭 仓溢绿苑 4室主卧,仓溢绿苑,http://hz.58.com/pinpaigongyu/30613413291820x.shtml?psid=195412933196745279146745246,1150
【合租】勾庄 融科瑷颐湾 4室次卧,融科瑷颐湾,http://hz.58.com/pinpaigongyu/30810265139143x.shtml?psid=195412933196745279146745246,1450
【合租】星桥 仓溢东苑 4室次卧,仓溢东苑,http://hz.58.com/pinpaigongyu/30433886338750x.shtml?psid=195412933196745279146745246,1000
【合租】老余杭 仓溢绿苑 4室主卧,仓溢绿苑,http://hz.58.com/pinpaigongyu/30444774049972x.shtml?psid=195412933196745279146745246,1500
【合租】申花 景瑞申花壹号院 3室次卧,景瑞申花壹号院,http://hz.58.com/pinpaigongyu/30745722811177x.shtml?psid=195412933196745279146745246,1168
【合租】老余杭 仓溢绿苑 4室次卧,仓溢绿苑,http://hz.58.com/pinpaigongyu/30735050716346x.shtml?psid=195412933196745279146745246,1100
【合租】下沙 保利玫瑰湾 3室次卧,保利玫瑰湾,http://hz.58.com/pinpaigongyu/30746921252944x.shtml?psid=195412933196745279146745246,1500
【合租】勾庄 奥克斯缔壹城 4室次卧,奥克斯缔壹城,http://hz.58.com/pinpaigongyu/30832357897012x.shtml?psid=195412933196745279146745246,950
【合租】申花 融信蓝孔雀 3室次卧,融信蓝孔雀,http://hz.58.com/pinpaigongyu/30746259932344x.shtml?psid=195412933196745279146745246,1500
【合租】五常 西溪水岸 1室主卧,西溪水岸,http://hz.58.com/pinpaigongyu/30652247350084x.shtml?psid=195412933196745279146745246,1300
【合租】老余杭 仓溢绿苑 4室主卧,仓溢绿苑,http://hz.58.com/pinpaigongyu/30532121463631x.shtml?psid=152670718196745279239611693,1500
【整租】米果 五常 五常部落,五常,http://hz.58.com/pinpaigongyu/30290920277819x.shtml?psid=152670718196745279239611693,1480-3000
【合租】老余杭 仓溢绿苑 4室次卧,仓溢绿苑,http://hz.58.com/pinpaigongyu/30443070766523x.shtml?psid=152670718196745279239611693,1000
【合租】长河 白马湖小区孔雀苑 4室次卧,白马湖小区孔雀苑,http://hz.58.com/pinpaigongyu/30424254643640x.shtml?psid=152670718196745279239611693,1500
【合租】申花 融信蓝孔雀 3室主卧,融信蓝孔雀,http://hz.58.com/pinpaigongyu/30732478800313x.shtml?psid=152670718196745279239611693,1460
【整租】米果 五常 五常部落,五常,http://hz.58.com/pinpaigongyu/30290921691207x.shtml?psid=152670718196745279239611693,1480-3000
【合租】未来科技城 西溪景苑 3室主卧,西溪景苑,http://hz.58.com/pinpaigongyu/30414094878668x.shtml?psid=152670718196745279239611693,1130
【合租】火车东站 天城府 3室主卧,天城府,http://hz.58.com/pinpaigongyu/30846332634319x.shtml?psid=152670718196745279239611693,1380
【合租】老余杭 仓溢绿苑 4室主卧,仓溢绿苑,http://hz.58.com/pinpaigongyu/30433946449859x.shtml?psid=152670718196745279239611693,1500
【合租】未来科技城 西溪北苑 1室次卧,西溪北苑,http://hz.58.com/pinpaigongyu/30830893562049x.shtml?psid=152670718196745279239611693,1450
【合租】老余杭 仓溢绿苑 4室次卧,仓溢绿苑,http://hz.58.com/pinpaigongyu/30579812121138x.shtml?psid=152670718196745279239611693,1300
【合租】万达广场 融科瑷颐湾 4室主卧,融科瑷颐湾,http://hz.58.com/pinpaigongyu/30414069062595x.shtml?psid=152670718196745279239611693,1450
【合租】老余杭 仓溢绿苑 4室主卧,仓溢绿苑,http://hz.58.com/pinpaigongyu/30421211745728x.shtml?psid=152670718196745279239611693,1500
【合租】申花 景瑞申花壹号院 3室次卧,景瑞申花壹号院,http://hz.58.com/pinpaigongyu/30809917506251x.shtml?psid=152670718196745279239611693,1288
【合租】老余杭 仓溢绿苑 4室次卧,仓溢绿苑,http://hz.58.com/pinpaigongyu/30510846193094x.shtml?psid=152670718196745279239611693,1000
【合租】老余杭 西溪北苑 1室主卧,西溪北苑,http://hz.58.com/pinpaigongyu/30486507784128x.shtml?psid=152670718196745279239611693,1450
【合租】祥符 德信晓宸 4室次卧,德信晓宸,http://hz.58.com/pinpaigongyu/30638608329679x.shtml?psid=152670718196745279239611693,1450
【整租】未来科技城 EFC欧美金融城 4室1厅,EFC欧美金融城,http://hz.58.com/pinpaigongyu/30456225898162x.shtml?psid=152670718196745279239611693,1000
【合租】勾庄 奥克斯缔壹城 4室次卧,奥克斯缔壹城,http://hz.58.com/pinpaigongyu/30722707443894x.shtml?psid=152670718196745279239611693,1450
【合租】下沙 保利玫瑰湾 3室主卧,保利玫瑰湾,http://hz.58.com/pinpaigongyu/30833204466750x.shtml?psid=152670718196745279239611693,1430
【合租】老余杭 仓溢绿苑 4室主卧,仓溢绿苑,http://hz.58.com/pinpaigongyu/30421333287484x.shtml?psid=158095095196745279288372208,1100
【整租】米果 五常 五常部落,五常,http://hz.58.com/pinpaigongyu/30290920277819x.shtml?psid=158095095196745279288372208,1480-3000
【合租】西兴 瑞立东方花城 3室主卧,瑞立东方花城,http://hz.58.com/pinpaigongyu/30745175493161x.shtml?psid=158095095196745279288372208,1500
【合租】老余杭 仓溢绿苑 4室次卧,仓溢绿苑,http://hz.58.com/pinpaigongyu/30580225598919x.shtml?psid=158095095196745279288372208,1200
【合租】区政府 新州花苑 3室主卧,新州花苑,http://hz.58.com/pinpaigongyu/30745252698826x.shtml?psid=158095095196745279288372208,1432
【整租】米果 五常 五常部落,五常,http://hz.58.com/pinpaigongyu/30290921691207x.shtml?psid=158095095196745279288372208,1480-3000
【合租】老余杭 仓溢绿苑 4室次卧,仓溢绿苑,http://hz.58.com/pinpaigongyu/30434253813560x.shtml?psid=158095095196745279288372208,1000
【合租】北干 丰东花苑 4室主卧,丰东花苑,http://hz.58.com/pinpaigongyu/30414064146487x.shtml?psid=158095095196745279288372208,1470
【合租】老余杭 仓溢绿苑 4室主卧,仓溢绿苑,http://hz.58.com/pinpaigongyu/30389458488648x.shtml?psid=158095095196745279288372208,1300
【合租】老余杭 仓溢绿苑 4室主卧,仓溢绿苑,http://hz.58.com/pinpaigongyu/30543023404466x.shtml?psid=158095095196745279288372208,1500
【合租】勾庄 奥克斯缔壹城 4室次卧,奥克斯缔壹城,http://hz.58.com/pinpaigongyu/30832505898826x.shtml?psid=158095095196745279288372208,950
【合租】闲林 西溪雅苑北区 5室次卧,西溪雅苑北区,http://hz.58.com/pinpaigongyu/30686896288328x.shtml?psid=158095095196745279288372208,1400
【合租】老余杭 仓溢绿苑 4室主卧,仓溢绿苑,http://hz.58.com/pinpaigongyu/30443198633009x.shtml?psid=158095095196745279288372208,1500
【合租】下沙 保利玫瑰湾 3室主卧,保利玫瑰湾,http://hz.58.com/pinpaigongyu/30844197615157x.shtml?psid=158095095196745279288372208,1220
【合租】申花 融信蓝孔雀 3室次卧,融信蓝孔雀,http://hz.58.com/pinpaigongyu/30746658140229x.shtml?psid=158095095196745279288372208,1112
【合租】未来科技城 仓溢东苑 1室主卧,仓溢东苑,http://hz.58.com/pinpaigongyu/30712825160908x.shtml?psid=158095095196745279288372208,1250
【合租】老余杭 西溪北苑 1室次卧,西溪北苑,http://hz.58.com/pinpaigongyu/30851670871850x.shtml?psid=158095095196745279288372208,1400
